Title,Date,URL
Student Interview: Jennifer + Luke on Company Projects,2019-11-07,/blog/student-interview-jennifer-luke
React Hooks! - An Introduction,2019-10-22,/blog/react-hooks-intro
An Introduction to GraphQL - Queries,2019-10-15,/blog/an-introduction-to-graphql-queries
Alumni Spotlight: Sandy Cao,2019-10-10,/blog/alumni-spotlight-sandy
Student Interview: Pair Programming And Company Projects,2019-09-03,/blog/student-interview-pair-programming-and-company-projects
Getting Acquainted With A Production Code Base,2019-06-18,/blog/getting-up-to-speed-on-a-production-code-base
"Staff Spotlight - Zach DeRossette, Career Coach",2019-05-22,/blog/staff-spotlight-zach-derossette
Student Interview: Lena Ryoo on Company Projects,2019-05-15,/blog/student-interview-lena-ryoo
Debugging Like a Scientist,2019-04-29,/blog/debugging-like-a-scientist
The Benefits of Code Reviews,2019-03-29,/blog/benefits-of-code-reviews
